text_customer,intent,drafted_reply,predicted_escalation,escalation_reason,true_escalation,escalation_correct,text_reply,judge_score
@AmericanAir Thank you,flight_disruption,You bet.,auto,Intent 'flight_disruption' is typically self-contained (info/apology/praise response),auto,True,@334079 You're welcome!,
@AmericanAir Good morning! Always exceptional service with you guys! Could I get a follow back please?,praise,@227330 Good morning! We love to hear that. We're following you now!,auto,Intent 'praise' is typically self-contained (info/apology/praise response),auto,True,@227330 We always love having you on board! We're following you now.,5.0
@AmericanAir @Delta so I’m a frequent flyer &amp; Made a mistake with delta ticket and they didn’t help or offer an solutions.,seating_booking,"We appreciate you thinking of us! While we can only assist with American Airlines reservations, we're always here for you when you fly with us.",auto,Intent 'seating_booking' is typically self-contained (info/apology/praise response),escalate,False,"@177366 We'd love a chance to impress you on board, Deborah.",3.0
@AmericanAir is still the worse carrier in the US.  I am now 3 for 3 of my last planes used with mechanical / operator error.  Today Flight 425 was loaded in correctly and set off an alarm on taxi.  Over 25 people missed their connections.,flight_disruption,"We're truly sorry to hear about the disruptions on your recent flights, especially with Flight 425 today. Safety is always our top priority. Please DM us your record locator so we can look into this further for you.",escalate,Reply requires customer to provide case-specific details (DM/record locator),auto,False,@667919 Safety is a top priority for us. Our apology for any added travel time we caused for you.,5.0
"@AmericanAir yes, no kidding, hence why I'm sending you guys a message. I need a seat assignment. That Basic Economy is the worst idea to date FYI",staff_complaint,"We understand your frustration. To help with your seat assignment, please send us a DM with your record locator.",escalate,Intent 'staff_complaint' historically required individual case handling by AA agents,escalate,True,@461106 We want to give customers as many options as possible but we're unable to assign a seat at this time. Our gate agent will definitely assist.,4.0
"Some people are testy! Some people are rude! But they're all well handled! By your professional crew! Thanks, @AmericanAir for getting us home!",praise,@Felicite We always love having you on board! We'll be sure to pass your kind words along to our crew.,auto,Intent 'praise' is typically self-contained (info/apology/praise response),auto,True,"@214902 We always love having you o board, Felicite!",5.0
@724836 @AmericanAir so?,general_other,@724836 We're here and happy to help! How can we assist you today?,auto,Intent 'general_other' is typically self-contained (info/apology/praise response),auto,True,@580767 We want to keep things simple and we're always happy to help!,3.0
It’s ridiculous that @AmericanAir lost my luggage and nobody on the phone has been able to locate it STILL; 3 days later. How. 🙄,baggage_issue,We're truly sorry to hear your bag is still missing after three days. That's certainly frustrating. Please DM us your baggage claim number so we can look into this for you.,escalate,Intent 'baggage_issue' historically required individual case handling by AA agents,escalate,True,@780168 We're sorry for the delay of your bag. Please follow and DM your baggage locator and we'll be happy to check on the status for you.,5.0
@AmericanAir We were told the Portland plane had a flat tire—it had been there 24+ hours and no one inspected until plane is loaded with passengers?,flight_disruption,We're sorry to hear about the delay. We understand your frustration when things don't go as planned. Please send us a DM with your record locator so we can look into this further.,escalate,Reply requires customer to provide case-specific details (DM/record locator),auto,False,"@611003 We're sorry for the wait, Steve. Our team is working to get that fixed and send you on your way as quickly as possible.",3.0
"My plane, by the way, a surprisingly nice @AmericanAir Boeing 757, flying direct to Chicago from Manchester. https://t.co/0rOfHoDqhl",praise,"We're glad you enjoyed your flight, @[Customer's Twitter handle]! We look forward to welcoming you aboard again soon.",auto,Intent 'praise' is typically self-contained (info/apology/praise response),auto,True,@385976 She truly is #beAAutiful!,5.0
@AmericanAir That's why your loyalty program is a joke.  And you're not willing to status match @delta . Horrible customer service. #ratherflydeltacargo,flight_disruption,"We're sorry to hear this, and want to assure you we're always working to improve your experience. We'd appreciate the chance to learn more about your recent service, if you'd like to DM us.",escalate,Reply requires customer to provide case-specific details (DM/record locator),escalate,True,@218899 We hope you'll take a peek at all the wonderful benefits are elite customers have: https://t.co/YafOculkUS,3.0
@AmericanAir A nearly 3 hour delay because you are missing a pilot? Better figure this out before Holiday Season! #Flight_AA0497,flight_disruption,@746142 We understand your frustration with this delay. We're working hard to get you to your destination. Please DM us your record locator if you need further assistance.,escalate,Reply requires customer to provide case-specific details (DM/record locator),auto,False,@746142 We know your time is valuable and we're doing to everything we can to get a full crew for the flight. Thanks for your patience.,3.0
"@AmericanAir Point is, should have been told about this when seat was booked so I had better options. Poor website, poor customer experience.",general_other,We're sorry to hear about the frustration. We'd like to understand more about your experience. Please send us a direct message with details.,escalate,Reply requires customer to provide case-specific details (DM/record locator),auto,False,@781106 We're sorry for the confusion and we appreciate you letting us know.,4.0
Any airlines having #blackfriday deals?? @Delta @116450 @AmericanAir @120910 @VirginAtlantic @British_Airways,general_other,"We recommend keeping an eye on our website, aa.com, for any upcoming promotions!",auto,Intent 'general_other' is typically self-contained (info/apology/praise response),auto,True,@271298 Contact our Reservations Team at 800-433-7300 for the lowest fares we have available.,3.0
Landing On My @AmericanAir Flight At Boston's Logan Airport.Smooth On Time https://t.co/BiVMvzLX8f It! https://t.co/cQ9O1it3fC,seating_booking,@[customer's twitter handle] We're so glad you had a smooth and on-time flight! Thanks for sharing this great shot with us. #AmericanView ✈️,auto,Intent 'seating_booking' is typically self-contained (info/apology/praise response),escalate,False,@258150 You always capture such stellar shots of your #AmericanView. We love to see them.,5.0
I'm trying MCE on my next @AmericanAir flight from RDU to PHL on A319. Can't wait!,praise,We hope you enjoy it!,auto,Intent 'praise' is typically self-contained (info/apology/praise response),auto,True,@329959 We look forward to welcoming you on board!,3.0
@AmericanAir has a serious employee culture problem. #dontflyamericanairlines,staff_complaint,"We're sorry to hear this, and want to assure you that this is not the experience we want for our customers. Can you please send us a DM with more details so we can look into this?",escalate,Intent 'staff_complaint' historically required individual case handling by AA agents,escalate,True,"@496130 We count on our employees to always be helpful, courteous, and treat people with respect. Is there anything we can help with?",4.0
"@AmericanAir They wouldn't hold the plane for 3 minutes when I ran over there from K10 to K8. Door was already closed. Had to spend the night in CHI after waiting on  a long, slow Customer Service line. Instead of getting home 10pm ET FRI, I got back 4pm ET on SAT. Unacceptable. Very poor.",staff_complaint,"We're sorry to hear about your experience and the inconvenience this caused. Please DM us your record locator, and we'll review what happened.",escalate,Intent 'staff_complaint' historically required individual case handling by AA agents,escalate,True,"@296013 We're so sorry, we aren't always able to hold flights due to the domino effect it can have. If you send us a DM, we'll take a closer look.",4.0
@AmericanAir great flight 1620 Denver to Dallas Kelly great flight attendant really professional. Thx,praise,"@668501 Way to go, Kelly! We'll be sure to pass along the kudos. #AATeam",auto,Intent 'praise' is typically self-contained (info/apology/praise response),auto,True,"@668501 Way to go, Kelly! We'll be sure to pass along the kudos. #AATeam",5.0
@AmericanAir Not a good time for your canned remarks. Lines are long. People are frustrated and your PHL employees are always rude.,baggage_issue,"We understand how frustrating long lines and perceived rudeness can be. We expect our team to treat everyone with respect, and we apologize if this wasn't your experience. If you'd like to share more details about your PHL experience, please DM us.",escalate,Intent 'baggage_issue' historically required individual case handling by AA agents,escalate,True,@654361 We expect our team to treat everyone with respect. We're sorry if this wasn't the case. We completely hear and understand your frustration.,4.0
"Thanks to the crew on @americanair, the nurse, and EMTs at @151271 who took care of me when I needed it last night.",praise,"So glad to hear you were well taken care of! We hope you're feeling better. If you’d like to share more details with us, please follow and DM us.",escalate,Reply requires customer to provide case-specific details (DM/record locator),auto,False,"@567869 We hope you're feeling better, Tanisha. Please follow and share your record locator in DMs and we'll forward this to leadership. #AATeam",4.0
the siren call of in-flight wifi. but alas...productivity prevented. @AmericanAir https://t.co/Y5iGPRt7NB,staff_complaint,We understand your frustration if the in-flight Wi-Fi wasn't working as expected. Please send us a DM with your record locator so we can look into this further.,escalate,Intent 'staff_complaint' historically required individual case handling by AA agents,escalate,True,@225917 Please reach out to our friends at @116462 if you need help.,4.0
@AmericanAir .. landed in Charlotte at 7:11 PM. It’s now 7:52 without any luggage.. or staff in baggage claim.. or belt movement. Hello? https://t.co/PFxh5m9JIl,baggage_issue,We're so sorry for the delay with your luggage. We understand how frustrating this is. Could you please DM us your record locator so we can look into this for you?,escalate,Intent 'baggage_issue' historically required individual case handling by AA agents,auto,False,@117545 We're sorry for the wait tonight. We'll have you bags out to you as soon as possible. https://t.co/vpkBeWiqTq,4.0
"GM @AmericanAir today I am lending you care of my most precious cargo, my 94yr old Grandmother #HandleWithCare
Former .@Delta employee",praise,What an honor! We'll take wonderful care of her. 💛,auto,Intent 'praise' is typically self-contained (info/apology/praise response),auto,True,@403657 She's in #GoodWings with us!,4.0
@AmericanAir never fails with y’all boy I swear,general_other,"We're sorry to hear this, and we'd like to help. Can you tell us more about what's happening?",auto,Intent 'general_other' is typically self-contained (info/apology/praise response),escalate,False,"@711239 We're sensing some frustration, Jalen. What's going on? How can we help you?",4.0
@AmericanAir 5 agents at priority desk without a single customer. Long line at main desk. Why not use idle agents to serve customers? #bad,staff_complaint,We're sorry to hear about your experience. This is certainly not what we want for our customers. Could you please DM us your record locator and the airport you're at so we can look into this further?,escalate,Intent 'staff_complaint' historically required individual case handling by AA agents,escalate,True,@182788 Our apologies on the extra wait time. We'll have you checked in as soon as we can. Thanks for your patience.,4.0
thank you @AmericanAir for putting me on a new flight! I will make home on-time to see my daughter! beyond grateful!,flight_disruption,"We're so glad we could help, and that you'll be home to see your daughter! Safe travels!",auto,Intent 'flight_disruption' is typically self-contained (info/apology/praise response),escalate,False,@313097 We appreciate you flying with us and know how important it is to see your kids. Have a great visit!,5.0
"@122128 has awful baggage service. 30 min after my @AmericanAir flight parks, still no bag. 👎#Lackluster #Slacking",refund_compensation,We're sorry to hear about the delay with your bag. Please DM us with your record locator so we can look into this for you.,escalate,Intent 'refund_compensation' historically required individual case handling by AA agents,escalate,True,"@371798 What? You still haven't received your bag. We don't mind looking and getting an update. Send us a quick DM with your record locator, please.",5.0
@AmericanAir I lost  $5k in business due to delays &amp; cancellations of my flight. I was supposed to be home 10/22. Didn't get home till 10/25,praise,We understand your frustration and sincerely apologize for the significant disruption to your travel plans. Please follow us so we can send you a DM and gather more details.,escalate,Reply requires customer to provide case-specific details (DM/record locator),auto,False,@425838 Our sincere apologies for the disruptions to your travels. We'd like to look into this a little further. Please follow so we can DM.,4.0
This is going to be the second plane I have to get off because something is wrong w/@AmericanAir planes.! #NEVERAGAIN #AA5 #AmericanAirlines,staff_complaint,We're sorry to hear about the trouble with your flight. Please send us a direct message with your record locator so we can look into this for you.,escalate,Intent 'staff_complaint' historically required individual case handling by AA agents,escalate,True,@424175 We see you've been rebooked for the next available option. We're so sorry for the cancellation this evening.,3.0
